{"cameraMode":{"drawMode":0,"name":"Shaded","section":"Shading Mode"},"sceneLighting":true,"audioPlay":false,"sceneViewState":{"showFog":true,"showMaterialUpdate":true,"showSkybox":true,"showFlares":true,"showImageEffects":true,"showParticleSystems":true},"in2DMode":false,"pivot":{"x":13.413161277770996,"y":-2.1354591846466066,"z":6.461794853210449},"rotation":{"x":-0.0700087770819664,"y":0.24637112021446229,"z":-0.017847442999482156,"w":-0.9664895534515381},"size":18.438438415527345,"orthographic":false}