{"cameraMode":{"drawMode":0,"name":"Shaded","section":"Shading Mode"},"sceneLighting":true,"audioPlay":false,"sceneViewState":{"showFog":true,"showMaterialUpdate":true,"showSkybox":true,"showFlares":true,"showImageEffects":true,"showParticleSystems":true},"in2DMode":false,"pivot":{"x":-7.014065742492676,"y":0.44955891370773318,"z":7.671891212463379},"rotation":{"x":-0.015165058895945549,"y":-0.13695518672466279,"z":0.0020963370334357025,"w":-0.9904636144638062},"size":16.290700912475587,"orthographic":false}