{"cameraMode":{"drawMode":0,"name":"Shaded","section":"Shading Mode"},"sceneLighting":true,"audioPlay":false,"sceneViewState":{"showFog":true,"showMaterialUpdate":true,"showSkybox":true,"showFlares":true,"showImageEffects":true,"showParticleSystems":true},"in2DMode":false,"pivot":{"x":-10.44654655456543,"y":-0.8173515796661377,"z":7.244935989379883},"rotation":{"x":-0.10957334190607071,"y":0.016993464902043344,"z":-0.0018735339399427176,"w":-0.9938338398933411},"size":9.323745727539063,"orthographic":false}