{"cameraMode":{"drawMode":0,"name":"Shaded","section":"Shading Mode"},"sceneLighting":true,"audioPlay":false,"sceneViewState":{"showFog":true,"showMaterialUpdate":true,"showSkybox":true,"showFlares":true,"showImageEffects":true,"showParticleSystems":true},"in2DMode":false,"pivot":{"x":-11.049999237060547,"y":-0.30399996042251589,"z":0.23999999463558198},"rotation":{"x":0.18890497088432313,"y":-0.27848097681999209,"z":0.05595069006085396,"w":0.9400395154953003},"size":16.629047393798829,"orthographic":false}