{"cameraMode":{"drawMode":0,"name":"Shaded","section":"Shading Mode"},"sceneLighting":true,"audioPlay":false,"sceneViewState":{"showFog":true,"showMaterialUpdate":true,"showSkybox":true,"showFlares":true,"showImageEffects":true,"showParticleSystems":true},"in2DMode":false,"pivot":{"x":-10.911399841308594,"y":0.1843171864748001,"z":3.029987335205078},"rotation":{"x":-0.1431472897529602,"y":-0.5238879919052124,"z":0.08982521295547486,"w":-0.8348650932312012},"size":8.095019340515137,"orthographic":false}