{"cameraMode":{"drawMode":0,"name":"Shaded","section":"Shading Mode"},"sceneLighting":true,"audioPlay":false,"sceneViewState":{"showFog":true,"showMaterialUpdate":true,"showSkybox":true,"showFlares":true,"showImageEffects":true,"showParticleSystems":true},"in2DMode":false,"pivot":{"x":-6.914586544036865,"y":1.3122470378875733,"z":0.5278844833374023},"rotation":{"x":-0.10498762875795365,"y":0.17272375524044038,"z":-0.01851988397538662,"w":-0.9792031645774841},"size":6.188546657562256,"orthographic":false}