{"cameraMode":{"drawMode":0,"name":"Shaded","section":"Shading Mode"},"sceneLighting":true,"audioPlay":false,"sceneViewState":{"showFog":true,"showMaterialUpdate":true,"showSkybox":true,"showFlares":true,"showImageEffects":true,"showParticleSystems":true},"in2DMode":false,"pivot":{"x":1313.0587158203125,"y":290.3055419921875,"z":209.92811584472657},"rotation":{"x":-0.03175323083996773,"y":-0.908432126045227,"z":0.07018689811229706,"w":-0.41094744205474856},"size":2055.01123046875,"orthographic":false}