{"cameraMode":{"drawMode":0,"name":"Shaded","section":"Shading Mode"},"sceneLighting":true,"audioPlay":false,"sceneViewState":{"showFog":true,"showMaterialUpdate":true,"showSkybox":true,"showFlares":true,"showImageEffects":true,"showParticleSystems":true},"in2DMode":false,"pivot":{"x":-8.98569393157959,"y":0.4370420575141907,"z":7.071736812591553},"rotation":{"x":-0.015205735340714455,"y":-0.11612720787525177,"z":0.001776828896254301,"w":-0.993122398853302},"size":10.032506942749024,"orthographic":false}