{"cameraMode":{"drawMode":0,"name":"Shaded","section":"Shading Mode"},"sceneLighting":true,"audioPlay":false,"sceneViewState":{"showFog":true,"showMaterialUpdate":true,"showSkybox":true,"showFlares":true,"showImageEffects":true,"showParticleSystems":true},"in2DMode":false,"pivot":{"x":28.19684410095215,"y":24.323951721191408,"z":7.074838638305664},"rotation":{"x":-0.07819437235593796,"y":0.03049943409860134,"z":-0.002394619397819042,"w":-0.9964799880981445},"size":26.627254486083986,"orthographic":false}