{"cameraMode":{"drawMode":0,"name":"Shaded","section":"Shading Mode"},"sceneLighting":true,"audioPlay":false,"sceneViewState":{"showFog":true,"showMaterialUpdate":true,"showSkybox":true,"showFlares":true,"showImageEffects":true,"showParticleSystems":true},"in2DMode":false,"pivot":{"x":4.65116024017334,"y":22.3505916595459,"z":5.319803237915039},"rotation":{"x":-0.07819437235593796,"y":0.03049943409860134,"z":-0.002394619397819042,"w":-0.9964799880981445},"size":27.17783546447754,"orthographic":false}