{"cameraMode":{"drawMode":0,"name":"Shaded","section":"Shading Mode"},"sceneLighting":true,"audioPlay":false,"sceneViewState":{"showFog":true,"showMaterialUpdate":true,"showSkybox":true,"showFlares":true,"showImageEffects":true,"showParticleSystems":true},"in2DMode":false,"pivot":{"x":-25.924217224121095,"y":26.39311981201172,"z":-1.8263015747070313},"rotation":{"x":-0.0700087770819664,"y":0.24637112021446229,"z":-0.017847442999482156,"w":-0.9664895534515381},"size":29.101402282714845,"orthographic":false}