{"cameraMode":{"drawMode":0,"name":"Shaded","section":"Shading Mode"},"sceneLighting":true,"audioPlay":false,"sceneViewState":{"showFog":true,"showMaterialUpdate":true,"showSkybox":true,"showFlares":true,"showImageEffects":true,"showParticleSystems":true},"in2DMode":false,"pivot":{"x":-102.98252868652344,"y":-80.79239654541016,"z":421.0748596191406},"rotation":{"x":0.10208780318498612,"y":-0.0298454612493515,"z":0.0030526178888976576,"w":0.994342565536499},"size":484.5955810546875,"orthographic":false}