{"cameraMode":{"drawMode":0,"name":"Shaded","section":"Shading Mode"},"sceneLighting":true,"audioPlay":false,"sceneViewState":{"showFog":true,"showMaterialUpdate":true,"showSkybox":true,"showFlares":true,"showImageEffects":true,"showParticleSystems":true},"in2DMode":false,"pivot":{"x":-11.279067039489746,"y":0.21354413032531739,"z":-0.11187362670898438},"rotation":{"x":0.18890497088432313,"y":-0.27848097681999209,"z":0.05595069006085396,"w":0.9400395154953003},"size":5.875694274902344,"orthographic":false}